{"ScreenSize":"6.1","File Hash SHA256":"3a7ef2f14e190e5f651c8cd209b092912c5cb9a39036262baa90ebd495b9d821","Location.Time":"1746004264498.43","CellInfo":"0000000100000001","File Path":"1746004259789.jpg","DeviceID":"","Location.Bearing":"-1.0","DataType":"CTRadioAccessTechnologyLTE","Manufacturer":"Apple","Language":"en","Location.Longitude":"4.836405744443201","IPv4":"192.168.0.110","Network":"Connected","Locale":"US","Hardware":"iPhone","IPv6":"fe80::c9:116f:6809:9db7%en0","NetworkType":"Wifi","Location.Latitude":"52.373471204254706","Location.Accuracy":"3.5293654955826277,3.0","Location.Speed":"0.0","Location.Provider":"gps","Location.Altitude":"22.08596420288086","File Modified":"2025-04-30T11:11:04.070+02:00","Proof Generated":"2025-04-30T11:11:04.476+02:00"}